n	count	raw_leaf	raw_pair	tw2_reject	duplicate	canon_leaves	next_count
1	1	1	0	0	0	2	1
2	1	2	1	0	1	10	2
3	2	6	6	0	7	40	5
4	5	16	19	1	25	96	9
5	9	33	48	6	52	200	23
6	23	92	151	23	170	487	50
7	50	226	429	85	432	1311	138
8	138	675	1413	350	1384	3602	354
9	354	1900	4420	1260	4032	10626	1028
10	1028	5964	15185	4888	13325	32980	2936
11	2936	18403	51101	18247	42331	104970	8926
12	8926	59990	180206	70051	142883	345816	27262
13	27262	195940	634050	265383	478597	1161883	86010
14	86010	657891	2280900	1017899	1646763	3992249	274129
15	274129	2224971	8232836	3886205	5681683	13883397	889919
16	889919	7638152	30044414	14900776	19863835	48960702	2917955
17	2917955	0	0	0	0	0	0
